{
  "model": {
    "type": "linear",
    "a": -5.8710034965947e-14,
    "b": 20.000000000000156,
    "rmse_mm": 9.057678187205881e-15
  },
  "samples": [
    {
      "raw_z_mm": 2.8139816347921434,
      "true_z_mm": 20.0
    },
    {
      "raw_z_mm": 2.773199292258924,
      "true_z_mm": 20.0
    }
  ],
  "meta": {
    "mm_per_pixel": 0.053462,
    "zero_row": 1013.516,
    "laser_angle_deg": 45.0
  }
}